name,age,income,expenses
Justen Hackworthy,61,1445.91,8210.03
Clark Voaden,26,4766.87,6179.26
Humfrey Regis,98,4184.83,8038.82
Gusta Challis,63,31.49,2499.93
Alejandro Shellcross,18,2136.75,5729.1
Cletus Grewer,79,4599.63,8031.56
Hana Tybalt,99,3055.19,5082.26
Egon Plowman,23,8582.6,7794.18
Sunny Cocks,80,7735.43,8460.22
Brenda Tandey,38,1068.74,3834.09
Minny Gradley,63,6875.77,3670.87
Natka Tweddell,80,6353.45,1545.41
Trixy Ireson,41,9135.3,2595.1
Gris Marklew,29,2142.2,6292.84
Gerardo Smelley,88,6650.15,7997.29
Ward Setchell,41,2055.3,1664.86
Lynnet Ainsbury,55,512.01,3238.18
Jens McWhorter,81,3396.28,3442.58
Danella Croley,60,6160.39,1109.95
Willy Rockell,74,600.97,9178.61
Nester Dupey,43,6107.91,9133.4
Deirdre Merrington,88,8417.91,2595.62
Dominick Glassopp,87,382.19,7395.33
Cairistiona Nathan,71,3421.18,5988.87
Torrance Walczak,50,7503.13,8725.56
Cristy Pendrich,86,4157.47,3772.79
Yale Banes,52,7790.33,7187.68
Onida Melwall,99,2528.33,3959.25
Huey Pill,37,7944.06,2158.16
Micheline Salzburger,83,1392.27,3752.31
Evyn Way,23,4173.18,802.91
Eleanora Banthorpe,48,9051.89,7832.7
Flint Shand,93,732.99,7559.93
Charita Pomphrey,47,1452.87,5182.21
Sargent Greenly,38,7098.14,8334.55
Miriam McCrory,99,1135.31,8758.22
Alexis Honsch,69,9978.1,1781.46
Melitta Bosket,58,1721.7,6028.8
Oby Sheara,52,7689.58,7405.85
Zea Rainey,33,5094.81,2309.77
Neill Vernazza,80,7703.76,662.62
Lewes Aldersea,99,3672.3,1850.76
Borg Tampen,57,3964.39,6845.9
Vance Chicco,71,6863.28,7761.86
Pennie Trynor,35,75.0,5653.43
Quintina Essberger,25,7743.57,3289.27
Calida Sugarman,55,6731.29,3577.53
Susanetta Ricardin,44,1682.54,8842.54
Luce Bavin,74,3608.74,7810.96
Alisha Mathon,19,1361.92,241.63
Mechelle Chidgey,46,2153.23,7619.19
Vic Challenor,53,3756.35,2667.98
Penni Bilbrey,93,93.3,5910.19
Bernetta Webster,75,9023.32,5799.49
Waring Maidens,28,3513.36,625.22
Allayne Razzell,84,2513.94,2835.89
Rafaelita Enderby,44,2351.85,8549.73
Tobias Askwith,19,5212.2,2630.58
Carline Trumper,57,1695.61,1801.64
Say Leete,43,1840.88,2923.8
Clayborne Kemwal,73,3415.98,8752.09
Pepita Drinkel,37,3765.12,8535.26
Prentiss Fahy,52,2693.57,4103.95
Dunc Cheek,52,2658.03,9178.3
Darby Artrick,87,8739.07,9519.17
Larry Mowsdill,18,9870.02,2908.82
Hoebart Halley,43,2569.88,1911.06
Josephina Synan,49,2802.26,5720.82
Haskel Reinbach,77,4009.53,6801.87
Bertrand Beales,97,3749.92,8117.2
Nealy Sarver,77,84.85,1412.67
Petey Emm,71,4045.73,6807.98
Kirsteni Paradise,47,7298.02,4749.99
Cindi Lere,69,9183.64,3017.5
Benni Bulger,30,7714.39,571.9
Farlee Porker,41,3619.68,3737.99
Ashil Leopard,81,9161.09,1969.71
Daniel Masham,82,557.67,9257.88
Bennie Krysztofiak,50,4805.07,9444.09
Allianora Vaughton,43,2578.21,3851.12
Bamby Schiefersten,51,4165.88,7564.69
Waldon Mourant,29,3469.96,1388.14
Sibeal Mainston,94,9231.74,7499.42
Erin Vergine,87,1374.56,1452.94
Iris Robberts,36,1033.48,1807.22
Eran Cureton,22,1623.35,2258.48
Noella Scurr,54,5155.41,5073.38
Ellsworth Scarasbrick,88,7430.38,7402.95
Karly D'Aeth,59,2232.61,2766.46
Ajay Brine,35,7575.06,7265.42
Steffi Ramirez,41,6346.34,9302.79
Vite Luisetti,93,213.84,1377.92
Isadore Dawson,99,5272.19,9840.78
Margaretta Pach,65,6851.09,1045.8
Monti Fautley,70,5247.19,2126.16
Rochella Chubb,76,361.89,3427.97
Orran Restall,40,7980.2,295.76
Jodie Cordero,65,9864.55,4968.1
Sheela Greasley,37,4024.22,6749.23
Torr Trobe,55,3189.25,7514.88
Erv MacGibbon,75,5962.05,7196.69
Pepillo Bellow,38,4184.71,207.18
Andromache Willowby,99,9074.78,483.12
Ondrea de Quesne,62,2257.97,4203.11
Vere Caps,76,3725.34,429.98
Abbi Palomba,69,9298.33,9774.49
Ruddie Stanes,24,683.21,8068.71
Aubry Lippo,25,5273.78,424.54
Petronilla Salleir,54,7160.93,9143.0
Cozmo McGragh,55,3784.82,8098.48
Orv Americi,50,2221.76,219.83
Jobi Daelman,18,5072.65,5966.92
Judas Hryniewicki,73,65.0,2946.69
Marylynne Stallwood,100,5050.31,302.59
Krystle Collete,39,4128.57,5960.9
Caleb Nafzger,48,7436.25,483.11
Friedrick Speeks,97,8122.09,8978.23
Maud MacCosto,25,7572.83,5716.56
Erskine Hedworth,78,5536.57,6388.85
Kore Cleatherow,92,3474.88,2898.14
Lizbeth Wilford,56,8993.23,1187.37
Quincy Broadway,71,1457.81,8450.9
Leonore Johansen,69,139.06,6754.94
Barbey Durtnel,59,2182.47,2885.56
Oneida Pizzey,36,3252.3,9860.85
Amata Blancowe,43,3079.55,7674.14
Kelby Greenslade,54,3215.83,991.79
Marleen Flanne,63,2280.61,2457.96
Patty McReynolds,91,559.77,3992.91
Alia Moseby,26,8567.4,3991.08
Oates Rigg,79,9983.2,3723.07
Cori Weddeburn - Scrimgeour,34,2079.62,4637.39
Dorthy Franzotto,71,5326.45,9483.49
Shelley Rampling,67,5325.73,6794.62
Bradly Rangall,68,7193.1,620.91
Lian Tack,63,8119.45,706.18
Lise Parradice,53,5513.19,1627.63
Casie Arghent,61,4235.52,80.74
Francis Conquer,80,5491.21,4419.5
Cherilynn Subhan,35,2142.19,7789.23
Farrah Cutchey,45,7586.18,1357.86
Brander Goch,77,8182.83,2403.42
Gaspard Duke,59,6135.63,2083.83
Ashil Francillo,94,1737.25,4754.87
Agna Elstub,26,1316.46,1178.56
Roanna McGarvie,68,2009.69,2325.93
Zack Assinder,95,5010.02,2707.35
Jamey Quantrill,93,3256.58,3923.57
Tommie Kent,40,57.08,4386.4
Mick Mauvin,80,8851.45,4703.48
Angelica Eltone,31,812.0,2246.52
Ursula Reihill,72,3832.43,3465.46
Curcio Heal,81,3096.15,2548.55
Pamelina Duinbleton,22,8285.79,5731.41
Kerri Nisbet,68,1223.26,7347.79
Elva Gwilt,92,157.46,1172.01
Charleen Overbury,39,8210.7,1515.71
Rickey Perring,34,5992.12,560.41
Carolan Arnholtz,52,1937.51,365.48
Wendie Janczyk,76,7762.57,6408.87
Johnathon Skittreal,55,9488.31,3070.06
Randy Kiljan,92,7806.36,8561.41
Adrien Lucius,57,9980.54,3276.63
Alisha Berrisford,34,9843.74,3835.36
Kimball Walsh,98,8787.41,5439.35
Laurena Hiner,69,7134.89,8191.32
Rebe Sperry,89,5161.87,7923.66
Padraig Zoanetti,54,9129.07,9578.42
Wylie Cowin,53,9670.73,8817.94
Selena Bourcq,70,2435.11,344.37
Vyky Gilstin,100,215.28,7772.57
Whitney Varfalameev,23,3886.96,3865.77
Cross Maciocia,58,2484.95,3526.36
Kissiah McCartan,36,9840.54,4944.24
Ingaborg Keyworth,96,5912.53,9838.16
Claire Vacher,80,6009.53,2577.82
Lacey Titford,25,5318.14,3505.33
Pollyanna Buxcy,72,7084.46,3418.92
Sheridan Shildrake,20,3846.86,8268.8
Moss Reckhouse,25,6709.86,8765.53
Michaeline Maffetti,18,9309.91,9935.88
Dacia Allchin,100,480.5,440.79
Adina Kelle,73,1282.9,6617.79
Powell Condit,26,3308.49,1845.5
Pier Grene,63,805.66,2619.84
Gisela Dudson,90,2308.77,973.51
Alejandrina Rodman,92,5527.79,4434.65
Eadmund MacRorie,75,2731.12,4090.02
Giffer Shillinglaw,62,4781.0,9161.17
Alric Sparrowe,33,3296.91,8349.64
Alonzo Liccardi,21,9716.02,6415.42
Biddy Lambarth,34,8149.81,1653.06
Fiona Pyford,31,4183.98,6456.23
Lauree Rouke,20,8274.8,5122.16
Viviene Borgars,31,1946.28,8747.44
Lambert Wormleighton,39,8986.97,7953.44
Archie Sieb,92,315.24,9344.47
North Copestick,34,5055.22,9741.44
Opaline Silversmid,96,302.3,7939.71
Otis Salvidge,52,1250.67,2626.79
Darrelle O'Cullinane,49,9691.34,4399.73
Jermaine Casbolt,22,6336.88,1303.11
Fiorenze Brocklehurst,29,3796.95,4361.72
Marge Opdenort,24,7202.87,2569.46
Nobe Slimon,60,2277.12,9157.25
Teddy Dyer,86,4829.22,6052.16
Sal Kristof,18,2474.22,2251.91
Arlana Crucitti,39,8208.13,7072.45
Mel Cariss,30,1804.17,8196.25
Boycey Starzaker,37,7337.98,2399.68
Currie Prest,66,4040.52,8528.0
Sher Counter,37,9364.68,4706.0
Esra Symons,94,5845.15,9332.59
Rosalynd Wybron,49,4476.52,2482.39
Cynthea Chisolm,67,5151.48,8229.03
Anne Chadwin,68,1940.48,6868.59
Weidar Fullilove,32,243.68,3225.15
Maud Burth,93,5099.84,4886.54
Magdalena Cowdray,41,3752.23,2091.05
Hazlett Barrack,78,5428.2,8242.14
Cole Merrisson,35,4167.99,1720.82
Jocelyne Damiata,55,9463.7,1080.03
Darryl Batteson,99,3616.47,2662.71
Cad Gravet,72,4903.97,2219.36
Truman Dansken,69,1868.75,2056.42
Dilan Penlington,47,4386.22,2152.78
Trumann Kingstne,98,796.65,3671.89
Leda Chaloner,39,5227.92,1966.1
Ruperta Kochel,64,3199.47,9426.29
Joellyn Ehrat,77,9908.7,3869.43
Maegan Arondel,69,3158.41,1348.42
Kendall Augur,80,5357.93,275.53
Glenna Plewes,37,6501.72,9199.5
Coleman Routh,97,327.83,1779.04
Hinze Culbard,54,1171.87,787.16
Dru Sertin,30,423.8,1175.77
Brett Defew,47,2830.16,283.83
Aylmar Callis,24,2800.18,9101.26
Skylar Bichener,69,3587.97,3575.07
Bonnibelle Amott,79,277.07,8673.65
Eldredge Di Carli,24,9890.21,8272.08
Nerta Kubes,76,1792.49,5297.07
Guntar Netley,97,2111.35,547.19
Stephie Pawelski,24,7193.23,8528.52
Malena Twopenny,56,7037.45,4127.63
Leonerd Watling,37,2938.09,6216.25
Stevy Donati,78,5838.58,7846.45
Ramon Kochs,24,9877.14,887.27
Nelly Hanselman,37,8262.43,7598.04
Lacey Batiste,25,2963.24,4432.33
Lurleen Giacomozzo,35,8319.0,1897.32
Legra Snibson,46,4257.68,8542.96
Dael Aim,84,8080.95,7849.55
Ardelia Ellcock,45,3017.94,7227.85
Morgan Mindenhall,44,1734.42,7775.55
Ronda Dahlen,23,5070.27,2821.52
Smitty Richardot,24,9791.09,4201.44
Marja Djakovic,87,9728.77,4758.21
Elane Gerry,38,1374.78,5477.42
Ulric Skittrall,90,6065.97,5471.96
Gun Reeds,90,6076.18,9029.41
Annabella Phelp,95,3447.17,7180.47
Tonie Ellings,65,5788.31,2521.44
Lorianne Larham,59,3498.25,965.01
Faina Phette,81,1856.71,875.36
Emilia Dillimore,32,3163.87,484.12
Lyndsey Vedeshkin,30,2592.75,980.68
Demetris Wicken,49,5582.17,8000.74
Celinda Slyvester,82,3659.85,3524.02
Evangeline Wiltshear,30,1064.71,6250.3
Ginelle Manuaud,66,1106.43,9781.15
Amanda Risbie,46,9791.98,2283.48
Samaria Bootton,92,3034.21,1917.44
Kelcey Stayt,77,8086.1,4633.46
Melissa Trewinnard,55,8259.71,4577.67
Sherill Boxell,23,5404.85,9214.82
Derrick Fullom,41,7388.33,4279.51
Denni Cutchie,59,2013.39,8461.2
Halli Pinn,44,1017.95,8709.02
Costa Kristiansen,99,8346.63,2061.2
Velvet Merrifield,91,5795.47,5728.97
Esta O'Collopy,85,9854.26,3875.44
Hermy Ciotto,18,662.71,6962.87
Felecia Marples,94,3213.72,9151.98
Yehudit Gallardo,55,7803.21,2323.8
Kristin Epgrave,92,9659.77,380.3
Mommy Bourdas,31,6362.79,707.39
Georgie Palin,93,5774.0,3886.24
Julie Roake,94,9102.67,4774.48
Tami Dollimore,58,1050.22,2419.2
Rinaldo De Michele,52,289.43,1026.07
Devon Balsdone,25,5943.65,7878.6
Dick Cirlos,92,667.43,6990.74
Fancy MacAne,64,1859.88,398.3
Halette Grimmett,48,3388.36,1727.59
Elmer Gawthrop,71,2283.68,2474.42
Rosemarie Clemoes,69,8711.37,8624.63
Michale Hassin,90,1398.21,3044.7
Burgess Tombleson,67,1948.27,7316.83
Farrel Querrard,79,1844.79,465.92
Rivkah De Gowe,86,6087.62,8420.24
Vivianna Prozillo,64,9632.31,2229.56
Druci Keble,71,5530.24,4472.41
Angy Peche,50,7642.37,5634.83
Margareta Bevis,89,5596.19,9127.04
Madeleine Alexsandrov,34,1600.61,6229.12
Josselyn Vergo,35,1776.08,8689.89
Britteny Gladwish,79,2039.04,337.96
Oby Savoury,86,5462.48,31.3
Lynn Filipovic,54,2087.37,7338.66
Yuma Bradmore,57,6705.66,1917.13
Cherianne Joust,86,9489.22,7661.52
Daria Cuffley,36,364.14,6055.81
Lynde Deverell,72,3417.65,3322.34
Fernanda Pinner,31,3417.28,9993.63
Hallie Wainman,49,5671.1,137.31
Barb Longbottom,46,7041.82,6695.14
Pen Curran,73,5862.41,9865.99
Robinetta Lill,89,1274.95,6361.28
Alejandrina Keyser,87,6268.1,653.54
Sal Sibery,90,6803.99,8740.64
Denice Villaron,49,9896.99,7264.76
Meriel Connerry,94,9226.04,2261.24
Nyssa Bohea,26,1692.08,872.81
Janka Lumsdale,64,5641.93,1572.66
Giacomo Norree,82,4131.87,7439.74
Matty Monan,57,5642.82,6470.58
Druci Neesam,38,769.86,948.99
Sibby Rigden,26,1160.15,9195.73
Roseanna Georghiou,34,1555.99,1673.61
Carri Jobe,75,3248.08,3185.89
Vicky Steeples,42,1965.96,6552.86
Zitella Plunkett,37,8266.46,918.72
Janean Thornebarrow,68,2520.72,5083.15
Gil Burvill,45,5091.41,8594.0
Iggy Sendall,30,631.0,8178.32
Ilsa Binnie,19,5069.34,3733.45
Thaddeus Colston,37,113.14,743.48
Byrom Gehrts,62,6117.09,3997.21
Opalina Litel,23,5001.06,6809.13
Norman Goudy,41,2001.19,2522.28
Thedrick Treffrey,76,9807.55,6049.73
Sergei Sinfield,58,9761.44,603.28
Jori Lacroutz,89,9859.74,5318.68
Kali Ladson,91,9254.29,2374.77
Angie Lambin,97,8287.67,8244.46
Sherlock Brade,30,5985.28,3808.25
Aubrey Gladstone,40,5343.47,6838.18
Lindi Izchaki,38,2680.37,4277.46
Bartolemo Heeran,99,9309.44,1255.01
Bree Sille,39,3785.82,1544.27
Teodorico Claeskens,51,451.26,6808.58
Kylila Casado,98,6165.55,4334.16
Nil Vasenkov,67,3422.54,3187.26
Nancee Gorghetto,83,9966.73,4354.67
Justinn Heeran,59,6277.54,8523.91
Magnum Venner,44,5426.47,1809.72
Glynis Pietesch,87,9110.5,9932.31
Blinnie Kleint,35,6015.22,3439.0
Jilly Suarez,83,8714.15,9556.34
Boothe Linzee,67,8643.22,6157.76
Kiri Feldhammer,37,8825.44,723.01
Sheffy Yankin,66,3368.83,8019.11
Tina Slewcock,69,6804.58,6253.37
Fonsie Pickthorn,40,1994.67,4737.37
Meryl Kittle,93,8834.93,5857.95
Kinsley Cinderey,87,1034.62,4906.86
Joann Elgar,91,96.83,6359.44
Ken Adamov,75,164.05,6966.55
Margaretha Heber,62,7780.36,7686.42
Perri McKinney,97,6418.75,7401.21
Mildred Marklin,33,2183.41,1494.32
Kass Jebb,87,3860.08,6790.14
Grayce Toman,25,2715.15,6700.0
Garrot Rampton,80,71.88,8382.39
Gerick Camilleri,98,3324.76,4278.02
Angie Buske,91,8557.86,9247.2
Marga Ferandez,34,8505.32,4861.52
Alfonse Cham,40,6741.26,6630.26
Aubine Jarmaine,47,7213.59,9179.28
Lyndy Blankley,93,7786.7,7848.38
Alessandro Connow,44,9971.87,957.08
Barr McAteer,25,3111.41,9369.03
Bendite Ormonde,81,621.71,5855.48
Dalton Decourcy,40,2132.61,4039.15
Yorgo Beadon,73,7442.1,3761.62
Tybalt Massingham,83,4875.07,4325.87
Herschel Camoys,60,2919.47,2531.12
Pete McCrea,98,9848.82,9944.85
Taffy Mowsdill,95,9893.22,3801.41
Orelie Downe,35,7106.11,4009.42
Sibella Rowen,93,4507.26,4603.15
Della Pattington,64,6773.61,5019.25
Auroora Carrett,69,2266.88,532.26
Law Teale,58,9119.34,1064.33
Ulick Teanby,76,4927.06,5435.28
Morgan Younie,58,4199.21,7263.77
Shell Lammerts,51,8168.75,2534.26
Gaven Edmondson,39,2166.76,4104.07
Chelsie Bente,66,1985.14,2272.41
Brigitte Faircliffe,39,110.25,7778.45
Abbie Colebourne,91,5294.42,7885.59
Tybalt Twidell,35,6224.69,7287.91
Amara Fri,54,4312.71,3491.82
Trixi Tabbitt,66,2100.73,9747.06
Kellie Grayley,25,1073.88,720.01
Kate Beggio,83,6941.12,8912.45
Isac Spat,20,2612.76,9523.65
Algernon Supple,23,1481.58,3813.56
Chariot Laurie,40,4837.76,6358.9
Jerrie Kohring,19,4174.9,3010.99
Estelle Macilhench,74,4179.29,6718.64
Carrissa Sudy,26,5310.11,4637.39
Gerianne Kits,32,1490.11,1408.02
Emery Aneley,40,9450.48,2570.71
Selena Cattemull,69,3613.09,4502.04
Shane Alsina,27,3480.7,1034.77
"Brod O'Lough""lin",43,3767.9,7816.71
Madeleine Van Merwe,73,8472.23,3155.59
Kata Pigrome,58,8836.09,7349.79
Pierson Beningfield,29,4595.87,4528.49
Elsworth Chidzoy,32,5380.45,6990.78
Raff Dabourne,77,8542.77,7816.03
Dolley MacClure,65,6348.99,6762.79
Flint Charlet,58,9196.05,8820.85
Onfroi Suttill,33,3347.88,4506.2
Lazaro Lye,45,4951.46,6026.75
Aurelea Elby,45,6827.14,918.06
Leoine Shields,65,8449.53,7061.37
Flint Speenden,21,3483.1,7104.82
Sinclair Roeby,28,5406.8,388.66
Lambert Quinevan,63,613.81,9171.0
Maureen McKiddin,79,8902.99,9716.48
Tom Ort,61,1725.61,9588.92
Sara-ann Gobbett,93,4657.91,9627.87
Fredi Newman,52,6990.09,7833.33
Mina Crunkhorn,82,7759.29,5981.7
Theo Daniel,22,2220.86,1173.06
Wang Arnaudin,66,8073.11,3922.25
Bobby Alpe,79,948.08,4238.58
Sena Hannabus,47,582.06,614.96
Willem Cornuau,91,9577.75,8439.12
Sammy Cremin,47,6668.53,3177.83
Dick Kenna,26,1225.06,3779.14
Griselda Lickorish,33,1854.5,3418.05
Camila Hansberry,51,7326.85,3364.84
Bertha Douthwaite,90,1981.9,6036.78
Lorens Vigneron,84,20.32,9097.18
Bird Imms,25,73.57,3377.26
Keslie Tolle,57,4161.46,7177.27
Fern Kemmons,40,1583.14,9716.38
Lynnelle Winear,91,3272.14,9339.23
Freda Wilkennson,86,3172.02,287.99
Holmes Leathard,42,3860.33,2504.73
Halli Martellini,18,9571.68,4797.37
Colver Bowring,66,4045.49,6229.87
Clara Iannuzzi,99,9293.53,6387.13
Maryanne Blaxill,43,8348.43,3025.92
Mill Chue,83,3255.41,4460.48
Glenda Airth,59,9181.72,7770.63
Joe Ricard,82,6648.82,7674.12
Bessy Dimont,30,7442.46,7169.77
Mildred Flint,87,7332.07,2580.37
Annelise Kettlestringes,47,860.23,4074.32
Gonzales Sharrier,67,5714.83,2355.38
Marget Hallagan,69,7241.06,7763.32
Juditha Dericot,21,7373.25,4692.87
Tobye Folling,47,1470.52,5671.2
Krysta Blethyn,77,7684.08,782.68
Adelle Richichi,53,6954.14,2899.8
Deanne Jewson,50,3108.47,3018.09
Celestyn Carson,43,1318.61,1867.39
Ivory Berg,86,6218.31,8572.03
Tierney McCoid,30,5157.63,890.89
Carney Elloway,39,3119.74,329.01
Mia Seelbach,55,393.41,4973.0
Issie Nears,47,6161.14,3381.83
Lindy Risdall,85,5869.05,9975.09
Rainer Fedder,96,3334.49,7644.05
Barnabas Cundey,96,8761.87,9128.36
Krissy Kee,68,5271.62,6058.74
Alla Heisman,31,9762.46,6311.08
Prissie Petegree,48,986.55,9903.58
Shoshanna Hablot,93,3486.58,5668.65
Jolyn Fawke,24,7458.26,2175.68
Benetta Chrismas,92,442.81,42.63
Cammy Follett,21,773.18,1915.93
Maire McBeath,75,2856.49,4394.14
Candra Pinxton,64,5679.52,7294.66
Franz Bain,62,3528.42,3029.75
Adolphe McVeighty,99,8796.23,1836.16
Goraud Traill,99,6372.35,4472.82
Wylie Ortmann,75,7556.72,812.19
Josefina Crim,72,8442.2,1556.77
Bettye Atty,43,6719.44,4842.4
Anet Esland,88,3132.59,972.2
Jermain Scrowston,69,6015.34,1834.89
Darell Kinny,91,1335.1,1323.82
Benedick Haville,96,9903.54,7720.32
Uri Levison,27,2094.75,9512.13
Malissia Verrico,33,3998.17,200.91
Alison Ferenczi,53,7105.65,9695.9
Tully Bratch,49,4432.58,3417.92
Deane Seller,98,369.82,8093.06
Renault Saterthwait,55,7537.34,742.4
Erwin O'Neal,80,2973.97,7523.19
Simone Catherine,26,5066.85,5579.95
Paxon Falk,44,9946.89,6916.31
Anders Origin,35,4913.83,7186.6
Alfonso Clemenson,50,448.48,3609.79
Ellis Crowcum,27,5308.38,8618.34
Karel Osband,48,8369.22,670.33
Patton Iredale,53,3480.97,238.94
Micheil Curryer,38,1390.58,4109.34
Golda Huggon,49,5608.47,4166.58
Farris Wraith,37,8517.44,9536.0
Georgianna Foster,65,9018.19,4587.81
Manfred Berzins,89,3923.6,103.74
Dexter Perham,74,1089.11,3401.01
Margo O'Hanley,57,176.17,2873.26
Natal Bendik,92,1225.03,2297.97
Vachel Lainton,73,2933.51,3703.91
Darill Piatto,39,6038.55,71.23
Hetty Dark,24,9691.3,4802.21
Lee Webling,53,7758.62,3877.34
Valenka Dunston,55,3089.63,4695.84
Maudie McDonand,83,1711.05,8780.29
Alyce Dominici,91,6007.94,4203.17
Derrik Pergens,95,5655.85,3947.76
Meara Vanini,59,8190.62,6603.2
Antonino Slides,51,7317.5,4074.92
Shari Rayment,92,9084.99,784.92
Carlynne Di Iorio,70,7563.56,3251.98
Fletcher Purry,85,3080.57,5266.67
Sonny Boatwright,51,6521.22,5918.77
Oswell Pankhurst.,32,7714.84,1080.39
Morie Gresley,92,2369.27,3672.93
Tammi Confait,48,9548.49,4791.79
Greg Ibbeson,29,5762.31,8316.61
Tarah Lucas,29,1764.92,311.02
Hilly Blampied,45,9258.17,4918.16
Ericha Grob,91,7726.47,5446.81
Vin Pacitti,94,8916.95,6151.88
Darryl Martellini,71,2811.3,9662.43
Robin Trustrie,79,42.88,4702.96
Allayne Robson,86,4595.86,5543.98
Weston Muldownie,58,925.61,8049.96
Theda Plows,49,9403.96,7737.49
Clive Kleinhausen,43,5990.71,9443.82
Kelbee Milazzo,23,6500.21,1877.78
Joyann Mattiazzo,95,7739.66,2291.71
Vonni Walduck,77,8023.4,5880.45
Orville Ortells,40,2530.18,6373.36
Wang Harrad,68,2573.26,2577.95
Ulrica Rusbridge,91,1915.53,861.63
Keeley Legrand,83,4147.0,1204.89
Lola Lantiffe,79,1085.13,3858.55
Jedd Lavall,95,4120.37,800.65
Ker Greguol,33,9951.21,4281.98
Vassili Brabham,82,8670.63,1540.27
Ailbert Musicka,19,3654.69,2889.53
Pernell Emblin,91,9790.44,8151.86
Karil Crosston,42,3289.04,8229.74
Nehemiah Fountaine,57,4221.83,8342.8
Godfree Yosifov,93,173.96,4909.7
Marjy Son,38,2388.87,5002.03
Bearnard Hallward,69,5849.45,2401.84
Toinette Saberton,77,3407.72,4072.78
Caryl Hampstead,52,1249.24,3686.66
Kele Worner,93,1747.38,1319.69
Gabi Treffry,74,6503.81,3338.74
Almeda Verriour,72,476.55,410.65
Pernell Widd,68,9117.1,6294.83
Helaine Rowat,76,5470.6,5862.21
Faythe Bandey,99,6894.82,5991.3
Wallis Kupis,64,8678.16,1468.97
Isak Dmytryk,87,3264.61,8545.8
Godard Danter,40,8285.44,29.5
Bell Coghill,96,7979.65,9256.55
Odelinda Comini,42,882.16,3155.46
Husain Benko,91,2722.93,2871.03
Dana Hares,60,8062.25,7971.34
Barri Alessandretti,34,3969.8,8013.17
Denna Stood,98,4622.33,7691.93
Wanda Sartin,47,8451.72,5514.39
Lara Ucceli,35,6631.84,8331.4
Clement Carss,48,6753.59,6762.47
Merv Di Biaggi,76,8538.93,2458.09
Damon Becaris,74,9164.46,1387.09
Alena Colqueran,70,5877.86,9462.2
Yurik Camerello,72,5490.97,1060.64
Vale Baybutt,37,9012.38,8057.38
Ophelia Quittonden,86,8802.77,108.11
Benoit Pitman,87,8165.42,7685.22
Keven Crabb,86,9008.74,3904.22
Amble Redhouse,66,6560.96,1585.04
Willy Blodgetts,63,5911.67,9169.08
Nan Adney,28,5407.34,7559.08
Afton Jonin,44,8896.18,3951.69
Candy Veltmann,63,8302.96,9431.39
Moselle Dreakin,25,8482.79,1395.51
Melanie MacSweeney,44,6937.64,1836.8
Basilius Birchenhead,78,2232.93,9361.79
Calvin Bardwall,58,6029.09,26.07
Gael Bourget,47,2726.96,4608.96
Taryn Schimonek,90,2640.25,6594.53
Karrah Reiner,91,7815.67,8273.18
Taite Mitchinson,68,3483.18,8556.68
Yuma Quinsee,38,1050.85,1478.96
Wendell Krauss,85,4793.47,4168.47
Brock Cantle,66,4501.2,3861.91
Else Huebner,73,928.73,8739.7
Demeter Pitford,40,4769.7,4417.73
Shurlock Ottery,43,1339.06,215.91
Gerrie Craft,27,7273.01,3626.18
Glynda Kerne,35,9389.05,8562.32
Noel Roofe,47,8995.67,1701.35
Lazarus Stannislawski,94,4337.44,6253.33
Lorin Writtle,64,4923.2,7120.0
Dulci Tripon,25,7392.52,4216.85
"Larry Rubenchi""k",44,9858.22,3013.4
Petrina Banat,40,2894.03,5356.83
Aubrey Pyatt,26,642.08,3247.68
Freda Walbridge,28,7081.23,5387.28
Nerty Bakeup,27,3209.16,4892.84
Waylan Frapwell,91,4950.44,3924.33
Erda Gyles,75,3516.08,4202.92
"Filmore S""witsur",40,1608.57,5686.95
Noel Jickells,30,7711.2,3988.55
Renelle Livingston,76,6868.0,6031.71
Tatiania Strangman,71,387.1,6260.21
Amabel Woolfall,86,1565.37,7205.37
Norman Zemler,27,2914.5,7726.99
Hendrik Coleridge,42,7497.52,6702.47
Marcie Frankcombe,49,4657.0,5743.04
Adolphe Simoncini,39,4641.72,6613.33
Gustaf Brugger,27,4789.73,1224.86
Deanna Laterza,63,8814.88,4905.24
Blythe Storror,91,5192.68,4113.47
Lucy Vaughn,45,9413.07,8336.36
Kellen Hablet,80,2165.77,4589.86
Kelley Velasquez,39,1101.33,8725.17
Ondrea Karpeev,48,6558.4,8465.3
Stephannie Revell,88,5397.83,8753.38
Nalani Hatherley,89,1891.28,6124.93
Harald Saffin,51,6604.7,868.31
Davine Catenot,49,5296.0,5237.96
Wilek Kaines,33,9738.37,2904.8
Sayres Blackbourn,97,8935.8,4587.83
Granthem Pover,40,4511.17,2295.97
Lavina Adamsky,98,611.05,8316.82
Ariel Carnachen,79,508.22,6968.98
Dominik Franzman,72,4269.45,4631.15
Brandyn Varga,79,5329.16,1601.69
Aube Querree,82,563.47,6855.86
Briney Ottam,79,165.86,693.37
Keelby Maden,51,8374.06,398.82
Griffith Chainey,28,4454.63,5762.71
Worthy Burney,93,2285.77,421.05
Fara Anfrey,53,7682.04,8691.64
Selig Mardee,29,5327.34,2639.34
Elizabet Bugge,78,5405.68,9003.76
Stacie Jeannet,34,1918.76,3106.96
Mabelle Haycraft,52,6406.62,5719.08
Isidora Krolle,25,9950.45,5233.12
Gloria Blacklawe,45,3491.23,4439.07
Emlynn Whaplington,96,2831.15,7478.76
Shelba Brockelsby,92,3122.97,21.15
Wynnie Westcarr,38,9021.74,6418.11
Dalenna Joan,85,7430.99,2699.9
Emili Jodlowski,89,5025.88,7667.0
Dyna Bode,56,8021.88,3519.18
Zaneta Cloy,34,2578.04,7122.43
Horacio Tooker,69,6159.66,3191.23
Abram Stealfox,44,7691.05,677.71
Elaine Shovelton,51,6805.3,6467.09
Alicea Gedney,32,7244.74,415.46
Alaric Wattisham,73,5103.57,457.01
Moina Mallalieu,24,2282.86,9061.81
Murdoch Itzkovici,98,8444.43,1223.75
Thorstein Brennan,46,3023.57,1475.83
Teador Shillaker,53,9306.05,9478.57
Tami Manders,75,559.94,8978.18
Erwin Morgan,55,2439.3,9811.75
Sayer Tanswell,66,6878.77,5073.09
Joline Bewley,65,3611.99,4549.73
Farra Criple,38,3828.75,2858.12
Roanna Poley,30,2063.74,5964.29
Wilbert Vittori,41,6216.85,6357.68
Rozella Ornils,70,9925.92,6361.08
Danice Longridge,21,5230.92,2077.83
Shayne Huitt,81,5103.13,2675.41
Abrahan Driver,32,1515.66,7551.59
Waldo Petteford,91,6370.11,3348.22
Ingunna Werrit,94,4123.69,9852.6
Bradley Goghin,67,3320.63,9663.0
Antoni Theuss,36,5492.74,5307.07
Jemie Pruvost,84,6902.79,7566.78
Hadrian Andreotti,58,207.71,6163.91
Sue Stewart,71,7105.58,8418.36
Bradly Attrey,65,1505.59,7258.86
Augustine Charlin,22,8836.5,6862.7
Marlon Plaskitt,30,6933.32,41.65
Darb Guice,67,1762.29,8792.93
Feodora Woofenden,64,7795.2,4864.87
Evangelia Flanders,50,1832.82,3453.43
Adria Rabson,27,1362.02,6797.88
Rad Soames,48,1088.34,6094.45
Emanuele O'Fallon,29,3341.41,9669.18
Brynna Coldtart,97,5611.75,9623.3
Kata Scarff,96,445.03,1797.25
Amalle Moncreiffe,94,1532.95,5047.02
Yorgos Gay,44,1679.98,7553.19
Bessie Goricke,53,1570.28,6203.79
Yetta Chastel,79,1943.42,367.71
Maury Oneile,42,7329.66,3156.12
Erroll Brothwood,85,782.67,4222.73
Abey Biesty,79,3014.2,5699.53
Flory Verick,63,1499.9,8149.27
Carroll Morstatt,73,2332.76,9855.81
Andrej Dalton,34,9825.58,7328.48
Nadiya Dodgson,43,9403.89,9048.58
Maje Nuccitelli,25,5480.77,5770.31
Naomi Tomkinson,95,5848.27,6695.72
Ber Battell,88,3209.67,4613.19
Madeleine Sharram,24,6747.7,5754.41
Mick Billingsly,83,2832.48,8585.52
Danny Yearnsley,100,4892.01,6104.57
Emogene Courtese,77,5271.55,4100.57
Gregorius Casotti,40,5739.6,2026.37
Yasmeen Abden,40,2958.65,4669.25
Rochester Dudeney,66,5484.06,5116.6
Reagen Presshaugh,37,1885.54,6519.82
Noelyn Borrett,93,1936.95,6811.66
Lucie Beacon,49,9758.9,1430.94
Morton Dyott,67,5083.11,5893.59
Wilmer Stivers,97,631.55,5371.25
Heida Barg,95,2853.86,5180.44
Nadya Worstall,70,5533.24,2890.03
Polly Studart,92,814.22,623.86
Raynard Gauch,90,6316.03,1872.56
Patrick Hargate,91,9069.96,8667.27
Maud Passo,55,5710.96,5917.9
Rolando Lies,81,4319.01,6809.36
Frederich Candish,76,7457.72,1810.9
Bethena Haydock,66,6468.34,2677.89
Joycelin Tryhorn,68,5160.02,9747.76
Marga Ivanovic,82,3936.93,7054.91
Jennee Brugsma,28,9993.98,139.35
Hanni Hightown,100,1040.13,2373.36
Salomone Du Plantier,51,2604.58,6947.42
Emilee Tranfield,71,5130.7,7785.03
Sheila-kathryn Bello,28,158.26,7409.8
Nike Rieflin,56,106.22,2222.3
Dane Pallasch,64,423.47,2328.49
Sybil Furmedge,97,1067.22,1840.91
Tan Bryde,19,911.83,2278.01
Kristofor Rawstorne,21,8886.48,4278.73
Anastassia Beckhouse,21,1214.22,9489.26
Jonathan Aymerich,62,2290.47,7432.6
Kaila Suero,76,933.75,9134.71
Jojo Cridland,42,7003.91,8178.45
Marabel Boot,89,6605.19,1333.05
Codi Charity,63,8243.98,50.15
Elsa Molines,81,9470.5,9964.32
Eleanor Basili,37,627.21,4497.5
Marrilee Radborne,22,4534.2,6009.41
Vikki Jays,71,5923.54,8363.65
Dani Emberson,99,2357.08,6084.98
Ashien Lygoe,31,3332.19,7253.97
Dane Huckstepp,21,6432.24,1357.62
Quinlan Brosch,47,5533.81,4435.56
Llewellyn Barron,83,8877.46,3932.54
Vlad Scholefield,87,1825.41,9478.94
Beatrice Warters,89,6565.6,1085.51
Ginelle Lutsch,48,1663.58,4018.08
Aileen Stobbs,54,7796.92,6387.77
Mellisent Cesco,48,2600.99,1009.59
Sauveur Sailes,35,4057.82,9498.85
Barbi Breach,50,8261.06,2929.5
Maddi McCloughen,98,2110.35,8365.54
Idell Dunabie,49,3400.28,3165.29
Donna Smallpeice,29,9730.0,8187.71
Benito Antonignetti,28,4453.74,2392.94
Gregorius Skein,65,9066.01,1509.99
Laura Martyn,93,2109.2,2969.91
Alexio Darling,22,3519.94,1769.64
Aurie Tighe,82,7196.45,228.39
North Decker,67,714.06,6134.65
Ola Denzilow,59,9457.29,8403.81
Becca Borg,96,9330.29,8622.57
Alla Heningam,31,8623.96,7373.45
Chandler Matyja,53,8607.03,3903.64
Babita Harbron,80,6251.34,1943.95
Ruthe Iston,94,3018.45,412.98
Roderic Leidl,71,3119.26,2618.29
Gael Drysdale,72,8546.47,4631.74
Charmain Borleace,76,3698.31,8614.17
Tasia Boorman,28,1761.77,6702.62
Onida Langmaid,25,4714.13,4365.06
Hyacintha Magrane,24,8952.86,6688.91
Adlai Valois,99,4668.88,9147.83
Donal Elldred,51,7178.59,3195.01
Cilka Flye,39,9261.29,4311.5
Jeniffer Alforde,71,2580.31,1441.87
Opal Ciotto,36,3422.13,4383.69
Hedy Stobart,50,7350.8,2238.27
Constantine Lapslie,82,6140.71,8809.68
Griffie Kalinowsky,69,677.61,1524.75
Gretna Guisler,98,8485.66,8330.07
Marmaduke Leethem,82,2537.38,5365.75
Valera Straniero,46,5597.86,3375.34
Lorine Manilo,78,2547.97,1009.37
Karola Burwood,91,61.85,5245.78
Annabela Hannay,39,5423.82,5183.02
Corilla Cosslett,50,4698.03,7322.75
Burgess Jonuzi,30,5963.52,6288.07
Ailee Brosnan,97,8261.28,3492.88
Marcille Mayoh,18,1776.12,8838.89
Lucien Jirak,33,5000.9,4131.21
Cosetta Leas,21,4537.96,4122.52
Dyanne Mayow,89,3521.93,2785.75
Annabell Labell,53,6137.46,1577.89
Brietta Doret,26,9752.51,9142.4
Burke Spon,90,5839.15,8353.28
Erin Norvill,31,3321.18,8708.71
Thom Chittem,96,7134.03,144.3
Ainslee Pearsey,66,6251.85,2054.99
Hewie Doull,93,1835.64,712.77
Ronna Raw,19,2120.67,158.29
Dante Libero,49,9441.22,6699.4
Ashil McCaskell,68,582.72,8117.29
Ulla Roback,54,2531.63,2176.04
Linn Rijkeseis,89,1486.8,172.29
Richardo McSkeagan,57,8188.72,6775.31
Rosalinde Dayley,80,888.67,7927.35
Roxy Flannigan,93,8624.2,5067.4
Corly Madrell,100,3095.26,8677.14
Jeane Rolse,61,7877.21,9950.3
Kendell Lillicrap,72,7108.7,8348.23
Florinda Jotcham,69,3888.07,4108.92
Ave Newdick,92,3429.49,652.07
Morly Toulamain,22,7263.31,215.2
Freddy Triggel,48,1061.65,9041.55
Manny Nertney,24,3931.39,7256.56
Nissy Kapiloff,32,8923.94,5291.42
Peggy Shower,52,3901.23,5172.47
Theodoric Hurle,38,311.68,6298.87
Giles Navarijo,69,3728.09,6440.02
Rosalyn Caldera,85,9577.84,9499.88
Davidson McMorran,57,7649.24,4355.61
Ronalda Ajam,21,2500.36,33.78
Anthiathia Maingot,40,6558.68,8176.26
Muhammad Champness,59,5266.24,4741.92
Raine Ketton,41,6796.84,2627.65
Kellina Vanderson,87,9876.9,3817.63
Quintina Stark,79,5662.79,3557.98
Bartholomeus Cowsby,41,6905.08,4607.75
Lorena Marcombe,74,4655.46,7041.74
Marylinda Sibery,49,5655.95,5433.8
Trstram Rosencwaig,42,2943.6,2429.07
Eldon Manton,33,3311.73,3346.33
Evangelia Oldridge,84,8621.55,5414.32
Aggi Somersett,48,5845.55,4756.97
Liam Denyagin,86,8857.97,7420.06
Gerome Ealles,20,220.48,98.64
Waverley Robbeke,45,8142.55,7620.71
Aloisia Zuenelli,37,7918.57,3122.91
Shani Chatin,72,2342.89,5352.19
Jozef Leopard,86,7534.04,1925.76
Marmaduke Twydell,94,9796.42,4402.34
Jephthah Budget,20,8624.36,9937.24
Corrie Elderton,85,404.27,2635.84
Cookie Pike,33,3335.84,4957.99
Deeanne Kerss,76,2516.23,8187.67
Kip Waring,96,366.29,9767.43
Angelo Gronowe,50,3751.81,2517.2
Sibby Misk,64,5821.0,9845.81
Esta Deekes,25,653.57,7830.73
Zenia Julian,24,4622.92,2927.13
Reggis Gerry,60,628.04,1387.94
Arch Chiles,65,9807.04,206.34
Aubrey De Giovanni,73,1084.34,3946.95
Mureil Blasik,23,4291.74,347.89
Ronalda Stuther,88,4760.46,5489.05
Moore Marham,52,8060.18,4427.91
Heindrick Cowley,43,4196.82,9850.38
Ewart Attwell,96,1591.67,5654.72
Rheta Gorcke,98,3016.31,6283.63
Greer Levensky,31,6860.57,9193.65
Gwenneth Reddihough,88,4583.65,4492.87
Judy Losemann,85,511.2,6052.37
Ricca Welsby,46,8482.38,7328.23
Brittni Coady,82,2903.83,9812.64
Noella Doig,78,1115.9,3216.06
Brenna Brownsmith,43,1471.61,882.13
Jennette Harryman,71,9930.69,8486.98
Rip Stych,42,9537.43,6562.77
Devlin Sympson,50,4952.27,2151.71
Pennie Murrum,58,1251.62,4079.32
Geralda Izakof,53,3610.95,207.37
Simonne Durston,85,4850.28,3810.18
Murdock Colvin,94,4919.63,4743.16
Stacy Norster,41,9449.58,4728.81
Nadine Philot,84,6635.37,5274.28
Kaitlyn Scone,54,1018.34,7156.12
Jarvis Amburgy,82,2794.06,2308.12
Neale MacGiany,27,2264.36,1461.99
Della Theobold,94,2654.54,8282.76
Gothart Kirsz,91,1370.39,6728.23
Judy Blincko,97,560.38,6395.04
Desi Dundredge,47,7315.38,4776.23
Jeanna Romanelli,29,8696.97,4053.8
Blondie Hayler,47,3623.21,4353.24
Olga Ninotti,62,4924.78,2067.48
Mirabelle Prinn,78,8719.32,6349.44
Kendra Whitmell,26,6314.76,4403.16
Tyler Wykey,36,4665.33,5805.49
Rochelle Sclanders,43,7041.08,4385.95
Pippo Latchmore,57,7189.57,9543.15
Monty Stainson,27,7478.35,8580.57
Monica Compford,41,8573.52,3873.43
Janetta Londors,43,9599.22,6542.36
Dido Cristofano,83,8463.77,576.16
Hesther Osman,27,9751.24,3379.64
Yurik Scothorne,75,1250.6,1187.87
Adolpho Hryniewicz,45,2246.81,5339.66
Lucais Stallard,62,211.91,7257.7
Dede Walework,56,9234.87,5839.28
Jude Reddan,50,2866.94,1361.26
Sunshine Alexandrou,25,4119.66,8592.51
Ailey Matschuk,65,1992.45,8307.68
Melamie Tromans,88,2853.21,2470.84
Engelbert Lindsell,72,1698.97,1918.94
Joseito Organer,23,3644.61,9499.34
Taddeo Hounson,55,4539.58,6473.43
Willdon MacGuiness,78,243.88,8031.29
Linette Crusham,26,3194.64,7158.2
Willi O'Lagen,30,1379.92,8636.86
Susana Brushfield,27,6607.27,436.58
Kinsley Hayhurst,87,5517.9,1142.71
Budd Robel,57,2800.71,8663.43
Hailey Willows,48,6767.72,3749.19
Jeremiah Bromfield,98,3462.97,1320.8
Norma Osgarby,70,7285.46,7862.57
Adelice Manby,50,2745.13,2664.74
Adora Grassett,63,2209.87,823.67
Chaim Gwyllt,77,5626.72,5274.68
Mendie Synder,92,648.72,6829.83
Shayne Desmond,33,5466.56,3265.83
"Daphene Q""uye",59,907.23,3660.51
Crissie Weyman,75,8918.16,3785.17
Melitta Hince,52,279.57,3285.51
Wynnie Wortley,73,2170.93,1038.84
Peri Krauss,32,2847.66,8395.76
Ariana Paszek,31,9870.78,3361.88
Herminia Goldhawk,55,2107.22,7104.14
Cosetta McNabb,47,7122.63,711.61
Pancho Paik,89,9668.76,4671.12
Lancelot Domenici,67,5162.76,6318.27
Benedetta Eyden,87,265.02,6402.0
Jerrine Robardet,40,7452.37,6193.99
Crichton Wordesworth,90,1226.58,198.52
Clayborne Eannetta,75,8040.05,4711.19
Pavlov Grigoriscu,83,2100.95,4327.52
Otto Hanscome,32,8505.15,3416.86
Chaddy Erickson,63,7338.27,55.41
Bradley Fender,71,186.69,8625.48
Dot Castellone,80,6399.98,9594.78
Carlee Lauxmann,86,2316.1,343.65
Deb Carine,66,4791.59,4792.12
Caddric Blakeney,85,6372.14,139.0
Orrin Cunio,92,4287.22,4783.39
Shandee Plaunch,60,6407.95,6339.22
Rurik Cramphorn,85,6155.72,3538.81
Sella Tremouille,24,3071.16,1156.57
Hugh Kempshall,23,3412.98,6643.31
Tremain Stoven,26,7601.05,4257.78
Kyle Mateescu,88,127.11,5892.98
Dolph Ralphs,86,9707.71,9782.7
Jemmy Lee,92,4433.03,14.87
Jenelle Sillwood,64,1160.2,3311.05
Cello Itzig,27,3832.91,5571.27
Deirdre Levis,67,7524.44,1930.24
Doris Greenhaugh,68,719.82,206.2
Jerry Rankling,83,7074.36,5065.24
Violante Shackell,43,7550.58,1966.55
Carolee Rumsby,93,9334.02,6347.55
Gun Bevans,62,8996.8,7563.46
Ilyse Tomaszewski,74,4233.77,8124.18
Alexina Kenwin,72,697.3,2265.15
Carlyn Vasilkov,42,1826.04,1845.72
Yolanda Alekseev,67,6369.39,181.41
Kermy Aitcheson,48,8997.96,9880.0
Penrod Fargie,62,3023.25,9648.75
Nichols Adao,55,9311.51,2676.64
Conroy Kneeshaw,80,9062.66,4220.95
Ax Large,41,7035.42,1042.66
Tate Sirl,84,5881.84,9097.25
Erena St Ledger,37,5464.36,815.62
